Module,Module Number,Relationship,First Object Name,First Image Number,First Object Number,Second Object Name,Second Image Number,Second Object Number
MeasureObjectNeighbors,10,Neighbors,IdentifyPrimaryObjects,8,1,IdentifyPrimaryObjects,8,2
MeasureObjectNeighbors,10,Neighbors,IdentifyPrimaryObjects,8,2,IdentifyPrimaryObjects,8,1
MeasureObjectNeighbors,10,Neighbors,IdentifyPrimaryObjects,9,1,IdentifyPrimaryObjects,9,2
MeasureObjectNeighbors,10,Neighbors,IdentifyPrimaryObjects,9,2,IdentifyPrimaryObjects,9,1
MeasureObjectNeighbors,10,Neighbors,IdentifyPrimaryObjects,11,1,IdentifyPrimaryObjects,11,2
MeasureObjectNeighbors,10,Neighbors,IdentifyPrimaryObjects,11,2,IdentifyPrimaryObjects,11,1
MeasureObjectNeighbors,10,Neighbors,IdentifyPrimaryObjects,12,1,IdentifyPrimaryObjects,12,2
MeasureObjectNeighbors,10,Neighbors,IdentifyPrimaryObjects,12,2,IdentifyPrimaryObjects,12,1
MeasureObjectNeighbors,10,Neighbors,IdentifyPrimaryObjects,13,1,IdentifyPrimaryObjects,13,2
MeasureObjectNeighbors,10,Neighbors,IdentifyPrimaryObjects,13,2,IdentifyPrimaryObjects,13,1
MeasureObjectNeighbors,10,Neighbors,IdentifyPrimaryObjects,13,3,IdentifyPrimaryObjects,13,4
MeasureObjectNeighbors,10,Neighbors,IdentifyPrimaryObjects,13,4,IdentifyPrimaryObjects,13,3
MeasureObjectNeighbors,10,Neighbors,IdentifyPrimaryObjects,15,1,IdentifyPrimaryObjects,15,2
MeasureObjectNeighbors,10,Neighbors,IdentifyPrimaryObjects,15,2,IdentifyPrimaryObjects,15,1
MeasureObjectNeighbors,10,Neighbors,IdentifyPrimaryObjects,16,1,IdentifyPrimaryObjects,16,2
MeasureObjectNeighbors,10,Neighbors,IdentifyPrimaryObjects,16,2,IdentifyPrimaryObjects,16,1
MeasureObjectNeighbors,10,Neighbors,IdentifyPrimaryObjects,16,4,IdentifyPrimaryObjects,16,6
MeasureObjectNeighbors,10,Neighbors,IdentifyPrimaryObjects,16,6,IdentifyPrimaryObjects,16,4
MeasureObjectNeighbors,10,Neighbors,IdentifyPrimaryObjects,17,1,IdentifyPrimaryObjects,17,2
MeasureObjectNeighbors,10,Neighbors,IdentifyPrimaryObjects,17,2,IdentifyPrimaryObjects,17,1
MeasureObjectNeighbors,10,Neighbors,IdentifyPrimaryObjects,17,2,IdentifyPrimaryObjects,17,3
MeasureObjectNeighbors,10,Neighbors,IdentifyPrimaryObjects,17,3,IdentifyPrimaryObjects,17,2
MeasureObjectNeighbors,10,Neighbors,IdentifyPrimaryObjects,17,3,IdentifyPrimaryObjects,17,4
MeasureObjectNeighbors,10,Neighbors,IdentifyPrimaryObjects,17,4,IdentifyPrimaryObjects,17,3
MeasureObjectNeighbors,10,Neighbors,IdentifyPrimaryObjects,17,5,IdentifyPrimaryObjects,17,6
MeasureObjectNeighbors,10,Neighbors,IdentifyPrimaryObjects,17,6,IdentifyPrimaryObjects,17,5
MeasureObjectNeighbors,10,Neighbors,IdentifyPrimaryObjects,17,6,IdentifyPrimaryObjects,17,7
MeasureObjectNeighbors,10,Neighbors,IdentifyPrimaryObjects,17,7,IdentifyPrimaryObjects,17,6
MeasureObjectNeighbors,10,Neighbors,IdentifyPrimaryObjects,18,1,IdentifyPrimaryObjects,18,2
MeasureObjectNeighbors,10,Neighbors,IdentifyPrimaryObjects,18,2,IdentifyPrimaryObjects,18,1
MeasureObjectNeighbors,10,Neighbors,IdentifyPrimaryObjects,18,2,IdentifyPrimaryObjects,18,3
MeasureObjectNeighbors,10,Neighbors,IdentifyPrimaryObjects,18,3,IdentifyPrimaryObjects,18,2
MeasureObjectNeighbors,10,Neighbors,IdentifyPrimaryObjects,18,3,IdentifyPrimaryObjects,18,4
MeasureObjectNeighbors,10,Neighbors,IdentifyPrimaryObjects,18,4,IdentifyPrimaryObjects,18,3
MeasureObjectNeighbors,10,Neighbors,IdentifyPrimaryObjects,18,5,IdentifyPrimaryObjects,18,6
MeasureObjectNeighbors,10,Neighbors,IdentifyPrimaryObjects,18,6,IdentifyPrimaryObjects,18,5
MeasureObjectNeighbors,10,Neighbors,IdentifyPrimaryObjects,18,7,IdentifyPrimaryObjects,18,8
MeasureObjectNeighbors,10,Neighbors,IdentifyPrimaryObjects,18,8,IdentifyPrimaryObjects,18,7
MeasureObjectNeighbors,10,Neighbors,IdentifyPrimaryObjects,19,1,IdentifyPrimaryObjects,19,2
MeasureObjectNeighbors,10,Neighbors,IdentifyPrimaryObjects,19,2,IdentifyPrimaryObjects,19,1
MeasureObjectNeighbors,10,Neighbors,IdentifyPrimaryObjects,19,3,IdentifyPrimaryObjects,19,4
MeasureObjectNeighbors,10,Neighbors,IdentifyPrimaryObjects,19,4,IdentifyPrimaryObjects,19,3
MeasureObjectNeighbors,10,Neighbors,IdentifyPrimaryObjects,19,5,IdentifyPrimaryObjects,19,8
MeasureObjectNeighbors,10,Neighbors,IdentifyPrimaryObjects,19,6,IdentifyPrimaryObjects,19,7
MeasureObjectNeighbors,10,Neighbors,IdentifyPrimaryObjects,19,7,IdentifyPrimaryObjects,19,6
MeasureObjectNeighbors,10,Neighbors,IdentifyPrimaryObjects,19,8,IdentifyPrimaryObjects,19,5
MeasureObjectNeighbors,10,Neighbors,IdentifyPrimaryObjects,20,2,IdentifyPrimaryObjects,20,3
MeasureObjectNeighbors,10,Neighbors,IdentifyPrimaryObjects,20,2,IdentifyPrimaryObjects,20,4
MeasureObjectNeighbors,10,Neighbors,IdentifyPrimaryObjects,20,3,IdentifyPrimaryObjects,20,2
MeasureObjectNeighbors,10,Neighbors,IdentifyPrimaryObjects,20,3,IdentifyPrimaryObjects,20,5
MeasureObjectNeighbors,10,Neighbors,IdentifyPrimaryObjects,20,4,IdentifyPrimaryObjects,20,2
MeasureObjectNeighbors,10,Neighbors,IdentifyPrimaryObjects,20,4,IdentifyPrimaryObjects,20,5
MeasureObjectNeighbors,10,Neighbors,IdentifyPrimaryObjects,20,5,IdentifyPrimaryObjects,20,3
MeasureObjectNeighbors,10,Neighbors,IdentifyPrimaryObjects,20,5,IdentifyPrimaryObjects,20,4
MeasureObjectNeighbors,10,Neighbors,IdentifyPrimaryObjects,20,6,IdentifyPrimaryObjects,20,7
MeasureObjectNeighbors,10,Neighbors,IdentifyPrimaryObjects,20,6,IdentifyPrimaryObjects,20,8
MeasureObjectNeighbors,10,Neighbors,IdentifyPrimaryObjects,20,7,IdentifyPrimaryObjects,20,6
MeasureObjectNeighbors,10,Neighbors,IdentifyPrimaryObjects,20,8,IdentifyPrimaryObjects,20,6
MeasureObjectNeighbors,10,Neighbors,IdentifyPrimaryObjects,20,8,IdentifyPrimaryObjects,20,9
MeasureObjectNeighbors,10,Neighbors,IdentifyPrimaryObjects,20,9,IdentifyPrimaryObjects,20,8
MeasureObjectNeighbors,10,Neighbors,IdentifyPrimaryObjects,21,1,IdentifyPrimaryObjects,21,2
MeasureObjectNeighbors,10,Neighbors,IdentifyPrimaryObjects,21,2,IdentifyPrimaryObjects,21,1
MeasureObjectNeighbors,10,Neighbors,IdentifyPrimaryObjects,21,2,IdentifyPrimaryObjects,21,3
MeasureObjectNeighbors,10,Neighbors,IdentifyPrimaryObjects,21,2,IdentifyPrimaryObjects,21,4
MeasureObjectNeighbors,10,Neighbors,IdentifyPrimaryObjects,21,2,IdentifyPrimaryObjects,21,5
MeasureObjectNeighbors,10,Neighbors,IdentifyPrimaryObjects,21,3,IdentifyPrimaryObjects,21,2
MeasureObjectNeighbors,10,Neighbors,IdentifyPrimaryObjects,21,3,IdentifyPrimaryObjects,21,4
MeasureObjectNeighbors,10,Neighbors,IdentifyPrimaryObjects,21,4,IdentifyPrimaryObjects,21,2
MeasureObjectNeighbors,10,Neighbors,IdentifyPrimaryObjects,21,4,IdentifyPrimaryObjects,21,3
MeasureObjectNeighbors,10,Neighbors,IdentifyPrimaryObjects,21,5,IdentifyPrimaryObjects,21,2
MeasureObjectNeighbors,10,Neighbors,IdentifyPrimaryObjects,21,6,IdentifyPrimaryObjects,21,7
MeasureObjectNeighbors,10,Neighbors,IdentifyPrimaryObjects,21,6,IdentifyPrimaryObjects,21,8
MeasureObjectNeighbors,10,Neighbors,IdentifyPrimaryObjects,21,7,IdentifyPrimaryObjects,21,6
MeasureObjectNeighbors,10,Neighbors,IdentifyPrimaryObjects,21,7,IdentifyPrimaryObjects,21,9
MeasureObjectNeighbors,10,Neighbors,IdentifyPrimaryObjects,21,8,IdentifyPrimaryObjects,21,6
MeasureObjectNeighbors,10,Neighbors,IdentifyPrimaryObjects,21,8,IdentifyPrimaryObjects,21,9
MeasureObjectNeighbors,10,Neighbors,IdentifyPrimaryObjects,21,9,IdentifyPrimaryObjects,21,7
MeasureObjectNeighbors,10,Neighbors,IdentifyPrimaryObjects,21,9,IdentifyPrimaryObjects,21,8
MeasureObjectNeighbors,10,Neighbors,IdentifyPrimaryObjects,22,1,IdentifyPrimaryObjects,22,2
MeasureObjectNeighbors,10,Neighbors,IdentifyPrimaryObjects,22,2,IdentifyPrimaryObjects,22,1
MeasureObjectNeighbors,10,Neighbors,IdentifyPrimaryObjects,22,3,IdentifyPrimaryObjects,22,4
MeasureObjectNeighbors,10,Neighbors,IdentifyPrimaryObjects,22,4,IdentifyPrimaryObjects,22,3
MeasureObjectNeighbors,10,Neighbors,IdentifyPrimaryObjects,22,5,IdentifyPrimaryObjects,22,6
MeasureObjectNeighbors,10,Neighbors,IdentifyPrimaryObjects,22,6,IdentifyPrimaryObjects,22,5
MeasureObjectNeighbors,10,Neighbors,IdentifyPrimaryObjects,22,8,IdentifyPrimaryObjects,22,11
MeasureObjectNeighbors,10,Neighbors,IdentifyPrimaryObjects,22,11,IdentifyPrimaryObjects,22,8
MeasureObjectNeighbors,10,Neighbors,IdentifyPrimaryObjects,23,1,IdentifyPrimaryObjects,23,3
MeasureObjectNeighbors,10,Neighbors,IdentifyPrimaryObjects,23,2,IdentifyPrimaryObjects,23,4
MeasureObjectNeighbors,10,Neighbors,IdentifyPrimaryObjects,23,3,IdentifyPrimaryObjects,23,1
MeasureObjectNeighbors,10,Neighbors,IdentifyPrimaryObjects,23,4,IdentifyPrimaryObjects,23,2
MeasureObjectNeighbors,10,Neighbors,IdentifyPrimaryObjects,23,5,IdentifyPrimaryObjects,23,7
MeasureObjectNeighbors,10,Neighbors,IdentifyPrimaryObjects,23,6,IdentifyPrimaryObjects,23,8
MeasureObjectNeighbors,10,Neighbors,IdentifyPrimaryObjects,23,7,IdentifyPrimaryObjects,23,5
MeasureObjectNeighbors,10,Neighbors,IdentifyPrimaryObjects,23,8,IdentifyPrimaryObjects,23,6
MeasureObjectNeighbors,10,Neighbors,IdentifyPrimaryObjects,23,9,IdentifyPrimaryObjects,23,13
MeasureObjectNeighbors,10,Neighbors,IdentifyPrimaryObjects,23,11,IdentifyPrimaryObjects,23,13
MeasureObjectNeighbors,10,Neighbors,IdentifyPrimaryObjects,23,13,IdentifyPrimaryObjects,23,9
MeasureObjectNeighbors,10,Neighbors,IdentifyPrimaryObjects,23,13,IdentifyPrimaryObjects,23,11
MeasureObjectNeighbors,10,Neighbors,IdentifyPrimaryObjects,24,1,IdentifyPrimaryObjects,24,3
MeasureObjectNeighbors,10,Neighbors,IdentifyPrimaryObjects,24,2,IdentifyPrimaryObjects,24,4
MeasureObjectNeighbors,10,Neighbors,IdentifyPrimaryObjects,24,2,IdentifyPrimaryObjects,24,5
MeasureObjectNeighbors,10,Neighbors,IdentifyPrimaryObjects,24,3,IdentifyPrimaryObjects,24,1
MeasureObjectNeighbors,10,Neighbors,IdentifyPrimaryObjects,24,4,IdentifyPrimaryObjects,24,2
MeasureObjectNeighbors,10,Neighbors,IdentifyPrimaryObjects,24,4,IdentifyPrimaryObjects,24,6
MeasureObjectNeighbors,10,Neighbors,IdentifyPrimaryObjects,24,4,IdentifyPrimaryObjects,24,7
MeasureObjectNeighbors,10,Neighbors,IdentifyPrimaryObjects,24,5,IdentifyPrimaryObjects,24,2
MeasureObjectNeighbors,10,Neighbors,IdentifyPrimaryObjects,24,6,IdentifyPrimaryObjects,24,4
MeasureObjectNeighbors,10,Neighbors,IdentifyPrimaryObjects,24,6,IdentifyPrimaryObjects,24,8
MeasureObjectNeighbors,10,Neighbors,IdentifyPrimaryObjects,24,7,IdentifyPrimaryObjects,24,4
MeasureObjectNeighbors,10,Neighbors,IdentifyPrimaryObjects,24,8,IdentifyPrimaryObjects,24,6
MeasureObjectNeighbors,10,Neighbors,IdentifyPrimaryObjects,24,9,IdentifyPrimaryObjects,24,10
MeasureObjectNeighbors,10,Neighbors,IdentifyPrimaryObjects,24,9,IdentifyPrimaryObjects,24,14
MeasureObjectNeighbors,10,Neighbors,IdentifyPrimaryObjects,24,10,IdentifyPrimaryObjects,24,9
MeasureObjectNeighbors,10,Neighbors,IdentifyPrimaryObjects,24,10,IdentifyPrimaryObjects,24,14
MeasureObjectNeighbors,10,Neighbors,IdentifyPrimaryObjects,24,11,IdentifyPrimaryObjects,24,12
MeasureObjectNeighbors,10,Neighbors,IdentifyPrimaryObjects,24,11,IdentifyPrimaryObjects,24,14
MeasureObjectNeighbors,10,Neighbors,IdentifyPrimaryObjects,24,12,IdentifyPrimaryObjects,24,11
MeasureObjectNeighbors,10,Neighbors,IdentifyPrimaryObjects,24,14,IdentifyPrimaryObjects,24,9
MeasureObjectNeighbors,10,Neighbors,IdentifyPrimaryObjects,24,14,IdentifyPrimaryObjects,24,10
MeasureObjectNeighbors,10,Neighbors,IdentifyPrimaryObjects,24,14,IdentifyPrimaryObjects,24,11
MeasureObjectNeighbors,10,Neighbors,IdentifyPrimaryObjects,25,1,IdentifyPrimaryObjects,25,4
MeasureObjectNeighbors,10,Neighbors,IdentifyPrimaryObjects,25,2,IdentifyPrimaryObjects,25,3
MeasureObjectNeighbors,10,Neighbors,IdentifyPrimaryObjects,25,2,IdentifyPrimaryObjects,25,4
MeasureObjectNeighbors,10,Neighbors,IdentifyPrimaryObjects,25,3,IdentifyPrimaryObjects,25,2
MeasureObjectNeighbors,10,Neighbors,IdentifyPrimaryObjects,25,3,IdentifyPrimaryObjects,25,5
MeasureObjectNeighbors,10,Neighbors,IdentifyPrimaryObjects,25,4,IdentifyPrimaryObjects,25,1
MeasureObjectNeighbors,10,Neighbors,IdentifyPrimaryObjects,25,4,IdentifyPrimaryObjects,25,2
MeasureObjectNeighbors,10,Neighbors,IdentifyPrimaryObjects,25,5,IdentifyPrimaryObjects,25,3
MeasureObjectNeighbors,10,Neighbors,IdentifyPrimaryObjects,25,5,IdentifyPrimaryObjects,25,7
MeasureObjectNeighbors,10,Neighbors,IdentifyPrimaryObjects,25,6,IdentifyPrimaryObjects,25,8
MeasureObjectNeighbors,10,Neighbors,IdentifyPrimaryObjects,25,7,IdentifyPrimaryObjects,25,5
MeasureObjectNeighbors,10,Neighbors,IdentifyPrimaryObjects,25,8,IdentifyPrimaryObjects,25,6
MeasureObjectNeighbors,10,Neighbors,IdentifyPrimaryObjects,25,9,IdentifyPrimaryObjects,25,10
MeasureObjectNeighbors,10,Neighbors,IdentifyPrimaryObjects,25,10,IdentifyPrimaryObjects,25,9
MeasureObjectNeighbors,10,Neighbors,IdentifyPrimaryObjects,25,11,IdentifyPrimaryObjects,25,14
MeasureObjectNeighbors,10,Neighbors,IdentifyPrimaryObjects,25,14,IdentifyPrimaryObjects,25,11
MeasureObjectNeighbors,10,Neighbors,IdentifyPrimaryObjects,26,1,IdentifyPrimaryObjects,26,3
MeasureObjectNeighbors,10,Neighbors,IdentifyPrimaryObjects,26,2,IdentifyPrimaryObjects,26,4
MeasureObjectNeighbors,10,Neighbors,IdentifyPrimaryObjects,26,2,IdentifyPrimaryObjects,26,6
MeasureObjectNeighbors,10,Neighbors,IdentifyPrimaryObjects,26,3,IdentifyPrimaryObjects,26,1
MeasureObjectNeighbors,10,Neighbors,IdentifyPrimaryObjects,26,3,IdentifyPrimaryObjects,26,6
MeasureObjectNeighbors,10,Neighbors,IdentifyPrimaryObjects,26,3,IdentifyPrimaryObjects,26,7
MeasureObjectNeighbors,10,Neighbors,IdentifyPrimaryObjects,26,4,IdentifyPrimaryObjects,26,2
MeasureObjectNeighbors,10,Neighbors,IdentifyPrimaryObjects,26,4,IdentifyPrimaryObjects,26,5
MeasureObjectNeighbors,10,Neighbors,IdentifyPrimaryObjects,26,5,IdentifyPrimaryObjects,26,4
MeasureObjectNeighbors,10,Neighbors,IdentifyPrimaryObjects,26,6,IdentifyPrimaryObjects,26,2
MeasureObjectNeighbors,10,Neighbors,IdentifyPrimaryObjects,26,6,IdentifyPrimaryObjects,26,3
MeasureObjectNeighbors,10,Neighbors,IdentifyPrimaryObjects,26,6,IdentifyPrimaryObjects,26,7
MeasureObjectNeighbors,10,Neighbors,IdentifyPrimaryObjects,26,6,IdentifyPrimaryObjects,26,9
MeasureObjectNeighbors,10,Neighbors,IdentifyPrimaryObjects,26,7,IdentifyPrimaryObjects,26,3
MeasureObjectNeighbors,10,Neighbors,IdentifyPrimaryObjects,26,7,IdentifyPrimaryObjects,26,6
MeasureObjectNeighbors,10,Neighbors,IdentifyPrimaryObjects,26,7,IdentifyPrimaryObjects,26,8
MeasureObjectNeighbors,10,Neighbors,IdentifyPrimaryObjects,26,8,IdentifyPrimaryObjects,26,7
MeasureObjectNeighbors,10,Neighbors,IdentifyPrimaryObjects,26,9,IdentifyPrimaryObjects,26,6
MeasureObjectNeighbors,10,Neighbors,IdentifyPrimaryObjects,26,10,IdentifyPrimaryObjects,26,12
MeasureObjectNeighbors,10,Neighbors,IdentifyPrimaryObjects,26,11,IdentifyPrimaryObjects,26,12
MeasureObjectNeighbors,10,Neighbors,IdentifyPrimaryObjects,26,11,IdentifyPrimaryObjects,26,17
MeasureObjectNeighbors,10,Neighbors,IdentifyPrimaryObjects,26,12,IdentifyPrimaryObjects,26,10
MeasureObjectNeighbors,10,Neighbors,IdentifyPrimaryObjects,26,12,IdentifyPrimaryObjects,26,11
MeasureObjectNeighbors,10,Neighbors,IdentifyPrimaryObjects,26,12,IdentifyPrimaryObjects,26,13
MeasureObjectNeighbors,10,Neighbors,IdentifyPrimaryObjects,26,13,IdentifyPrimaryObjects,26,12
MeasureObjectNeighbors,10,Neighbors,IdentifyPrimaryObjects,26,13,IdentifyPrimaryObjects,26,14
MeasureObjectNeighbors,10,Neighbors,IdentifyPrimaryObjects,26,13,IdentifyPrimaryObjects,26,15
MeasureObjectNeighbors,10,Neighbors,IdentifyPrimaryObjects,26,14,IdentifyPrimaryObjects,26,13
MeasureObjectNeighbors,10,Neighbors,IdentifyPrimaryObjects,26,14,IdentifyPrimaryObjects,26,17
MeasureObjectNeighbors,10,Neighbors,IdentifyPrimaryObjects,26,15,IdentifyPrimaryObjects,26,13
MeasureObjectNeighbors,10,Neighbors,IdentifyPrimaryObjects,26,17,IdentifyPrimaryObjects,26,11
MeasureObjectNeighbors,10,Neighbors,IdentifyPrimaryObjects,26,17,IdentifyPrimaryObjects,26,14
MeasureObjectNeighbors,10,Neighbors,IdentifyPrimaryObjects,27,1,IdentifyPrimaryObjects,27,3
MeasureObjectNeighbors,10,Neighbors,IdentifyPrimaryObjects,27,2,IdentifyPrimaryObjects,27,6
MeasureObjectNeighbors,10,Neighbors,IdentifyPrimaryObjects,27,3,IdentifyPrimaryObjects,27,1
MeasureObjectNeighbors,10,Neighbors,IdentifyPrimaryObjects,27,3,IdentifyPrimaryObjects,27,5
MeasureObjectNeighbors,10,Neighbors,IdentifyPrimaryObjects,27,4,IdentifyPrimaryObjects,27,5
MeasureObjectNeighbors,10,Neighbors,IdentifyPrimaryObjects,27,5,IdentifyPrimaryObjects,27,3
MeasureObjectNeighbors,10,Neighbors,IdentifyPrimaryObjects,27,5,IdentifyPrimaryObjects,27,4
MeasureObjectNeighbors,10,Neighbors,IdentifyPrimaryObjects,27,6,IdentifyPrimaryObjects,27,2
MeasureObjectNeighbors,10,Neighbors,IdentifyPrimaryObjects,27,6,IdentifyPrimaryObjects,27,9
MeasureObjectNeighbors,10,Neighbors,IdentifyPrimaryObjects,27,7,IdentifyPrimaryObjects,27,8
MeasureObjectNeighbors,10,Neighbors,IdentifyPrimaryObjects,27,8,IdentifyPrimaryObjects,27,7
MeasureObjectNeighbors,10,Neighbors,IdentifyPrimaryObjects,27,9,IdentifyPrimaryObjects,27,6
MeasureObjectNeighbors,10,Neighbors,IdentifyPrimaryObjects,27,9,IdentifyPrimaryObjects,27,10
MeasureObjectNeighbors,10,Neighbors,IdentifyPrimaryObjects,27,10,IdentifyPrimaryObjects,27,9
MeasureObjectNeighbors,10,Neighbors,IdentifyPrimaryObjects,27,10,IdentifyPrimaryObjects,27,11
MeasureObjectNeighbors,10,Neighbors,IdentifyPrimaryObjects,27,11,IdentifyPrimaryObjects,27,10
MeasureObjectNeighbors,10,Neighbors,IdentifyPrimaryObjects,27,11,IdentifyPrimaryObjects,27,12
MeasureObjectNeighbors,10,Neighbors,IdentifyPrimaryObjects,27,11,IdentifyPrimaryObjects,27,13
MeasureObjectNeighbors,10,Neighbors,IdentifyPrimaryObjects,27,12,IdentifyPrimaryObjects,27,11
MeasureObjectNeighbors,10,Neighbors,IdentifyPrimaryObjects,27,12,IdentifyPrimaryObjects,27,17
MeasureObjectNeighbors,10,Neighbors,IdentifyPrimaryObjects,27,13,IdentifyPrimaryObjects,27,11
MeasureObjectNeighbors,10,Neighbors,IdentifyPrimaryObjects,27,13,IdentifyPrimaryObjects,27,14
MeasureObjectNeighbors,10,Neighbors,IdentifyPrimaryObjects,27,13,IdentifyPrimaryObjects,27,16
MeasureObjectNeighbors,10,Neighbors,IdentifyPrimaryObjects,27,14,IdentifyPrimaryObjects,27,13
MeasureObjectNeighbors,10,Neighbors,IdentifyPrimaryObjects,27,14,IdentifyPrimaryObjects,27,17
MeasureObjectNeighbors,10,Neighbors,IdentifyPrimaryObjects,27,16,IdentifyPrimaryObjects,27,13
MeasureObjectNeighbors,10,Neighbors,IdentifyPrimaryObjects,27,17,IdentifyPrimaryObjects,27,12
MeasureObjectNeighbors,10,Neighbors,IdentifyPrimaryObjects,27,17,IdentifyPrimaryObjects,27,14
MeasureObjectNeighbors,10,Neighbors,IdentifyPrimaryObjects,28,1,IdentifyPrimaryObjects,28,2
MeasureObjectNeighbors,10,Neighbors,IdentifyPrimaryObjects,28,2,IdentifyPrimaryObjects,28,1
MeasureObjectNeighbors,10,Neighbors,IdentifyPrimaryObjects,28,2,IdentifyPrimaryObjects,28,3
MeasureObjectNeighbors,10,Neighbors,IdentifyPrimaryObjects,28,2,IdentifyPrimaryObjects,28,5
MeasureObjectNeighbors,10,Neighbors,IdentifyPrimaryObjects,28,3,IdentifyPrimaryObjects,28,2
MeasureObjectNeighbors,10,Neighbors,IdentifyPrimaryObjects,28,3,IdentifyPrimaryObjects,28,6
MeasureObjectNeighbors,10,Neighbors,IdentifyPrimaryObjects,28,4,IdentifyPrimaryObjects,28,5
MeasureObjectNeighbors,10,Neighbors,IdentifyPrimaryObjects,28,4,IdentifyPrimaryObjects,28,7
MeasureObjectNeighbors,10,Neighbors,IdentifyPrimaryObjects,28,4,IdentifyPrimaryObjects,28,8
MeasureObjectNeighbors,10,Neighbors,IdentifyPrimaryObjects,28,5,IdentifyPrimaryObjects,28,2
MeasureObjectNeighbors,10,Neighbors,IdentifyPrimaryObjects,28,5,IdentifyPrimaryObjects,28,4
MeasureObjectNeighbors,10,Neighbors,IdentifyPrimaryObjects,28,5,IdentifyPrimaryObjects,28,8
MeasureObjectNeighbors,10,Neighbors,IdentifyPrimaryObjects,28,6,IdentifyPrimaryObjects,28,3
MeasureObjectNeighbors,10,Neighbors,IdentifyPrimaryObjects,28,6,IdentifyPrimaryObjects,28,11
MeasureObjectNeighbors,10,Neighbors,IdentifyPrimaryObjects,28,7,IdentifyPrimaryObjects,28,4
MeasureObjectNeighbors,10,Neighbors,IdentifyPrimaryObjects,28,7,IdentifyPrimaryObjects,28,9
MeasureObjectNeighbors,10,Neighbors,IdentifyPrimaryObjects,28,8,IdentifyPrimaryObjects,28,4
MeasureObjectNeighbors,10,Neighbors,IdentifyPrimaryObjects,28,8,IdentifyPrimaryObjects,28,5
MeasureObjectNeighbors,10,Neighbors,IdentifyPrimaryObjects,28,8,IdentifyPrimaryObjects,28,11
MeasureObjectNeighbors,10,Neighbors,IdentifyPrimaryObjects,28,9,IdentifyPrimaryObjects,28,7
MeasureObjectNeighbors,10,Neighbors,IdentifyPrimaryObjects,28,9,IdentifyPrimaryObjects,28,10
MeasureObjectNeighbors,10,Neighbors,IdentifyPrimaryObjects,28,9,IdentifyPrimaryObjects,28,11
MeasureObjectNeighbors,10,Neighbors,IdentifyPrimaryObjects,28,10,IdentifyPrimaryObjects,28,9
MeasureObjectNeighbors,10,Neighbors,IdentifyPrimaryObjects,28,10,IdentifyPrimaryObjects,28,14
MeasureObjectNeighbors,10,Neighbors,IdentifyPrimaryObjects,28,11,IdentifyPrimaryObjects,28,6
MeasureObjectNeighbors,10,Neighbors,IdentifyPrimaryObjects,28,11,IdentifyPrimaryObjects,28,8
MeasureObjectNeighbors,10,Neighbors,IdentifyPrimaryObjects,28,11,IdentifyPrimaryObjects,28,9
MeasureObjectNeighbors,10,Neighbors,IdentifyPrimaryObjects,28,11,IdentifyPrimaryObjects,28,12
MeasureObjectNeighbors,10,Neighbors,IdentifyPrimaryObjects,28,12,IdentifyPrimaryObjects,28,11
MeasureObjectNeighbors,10,Neighbors,IdentifyPrimaryObjects,28,12,IdentifyPrimaryObjects,28,13
MeasureObjectNeighbors,10,Neighbors,IdentifyPrimaryObjects,28,12,IdentifyPrimaryObjects,28,16
MeasureObjectNeighbors,10,Neighbors,IdentifyPrimaryObjects,28,13,IdentifyPrimaryObjects,28,12
MeasureObjectNeighbors,10,Neighbors,IdentifyPrimaryObjects,28,13,IdentifyPrimaryObjects,28,14
MeasureObjectNeighbors,10,Neighbors,IdentifyPrimaryObjects,28,13,IdentifyPrimaryObjects,28,15
MeasureObjectNeighbors,10,Neighbors,IdentifyPrimaryObjects,28,14,IdentifyPrimaryObjects,28,10
MeasureObjectNeighbors,10,Neighbors,IdentifyPrimaryObjects,28,14,IdentifyPrimaryObjects,28,13
MeasureObjectNeighbors,10,Neighbors,IdentifyPrimaryObjects,28,14,IdentifyPrimaryObjects,28,19
MeasureObjectNeighbors,10,Neighbors,IdentifyPrimaryObjects,28,15,IdentifyPrimaryObjects,28,13
MeasureObjectNeighbors,10,Neighbors,IdentifyPrimaryObjects,28,15,IdentifyPrimaryObjects,28,16
MeasureObjectNeighbors,10,Neighbors,IdentifyPrimaryObjects,28,15,IdentifyPrimaryObjects,28,17
MeasureObjectNeighbors,10,Neighbors,IdentifyPrimaryObjects,28,15,IdentifyPrimaryObjects,28,19
MeasureObjectNeighbors,10,Neighbors,IdentifyPrimaryObjects,28,16,IdentifyPrimaryObjects,28,12
MeasureObjectNeighbors,10,Neighbors,IdentifyPrimaryObjects,28,16,IdentifyPrimaryObjects,28,15
MeasureObjectNeighbors,10,Neighbors,IdentifyPrimaryObjects,28,17,IdentifyPrimaryObjects,28,15
MeasureObjectNeighbors,10,Neighbors,IdentifyPrimaryObjects,28,17,IdentifyPrimaryObjects,28,19
MeasureObjectNeighbors,10,Neighbors,IdentifyPrimaryObjects,28,19,IdentifyPrimaryObjects,28,14
MeasureObjectNeighbors,10,Neighbors,IdentifyPrimaryObjects,28,19,IdentifyPrimaryObjects,28,15
MeasureObjectNeighbors,10,Neighbors,IdentifyPrimaryObjects,28,19,IdentifyPrimaryObjects,28,17
MeasureObjectNeighbors,10,Neighbors,IdentifyPrimaryObjects,29,1,IdentifyPrimaryObjects,29,2
MeasureObjectNeighbors,10,Neighbors,IdentifyPrimaryObjects,29,2,IdentifyPrimaryObjects,29,1
MeasureObjectNeighbors,10,Neighbors,IdentifyPrimaryObjects,29,2,IdentifyPrimaryObjects,29,5
MeasureObjectNeighbors,10,Neighbors,IdentifyPrimaryObjects,29,2,IdentifyPrimaryObjects,29,6
MeasureObjectNeighbors,10,Neighbors,IdentifyPrimaryObjects,29,3,IdentifyPrimaryObjects,29,9
MeasureObjectNeighbors,10,Neighbors,IdentifyPrimaryObjects,29,4,IdentifyPrimaryObjects,29,5
MeasureObjectNeighbors,10,Neighbors,IdentifyPrimaryObjects,29,4,IdentifyPrimaryObjects,29,8
MeasureObjectNeighbors,10,Neighbors,IdentifyPrimaryObjects,29,5,IdentifyPrimaryObjects,29,2
MeasureObjectNeighbors,10,Neighbors,IdentifyPrimaryObjects,29,5,IdentifyPrimaryObjects,29,4
MeasureObjectNeighbors,10,Neighbors,IdentifyPrimaryObjects,29,5,IdentifyPrimaryObjects,29,10
MeasureObjectNeighbors,10,Neighbors,IdentifyPrimaryObjects,29,6,IdentifyPrimaryObjects,29,2
MeasureObjectNeighbors,10,Neighbors,IdentifyPrimaryObjects,29,6,IdentifyPrimaryObjects,29,7
MeasureObjectNeighbors,10,Neighbors,IdentifyPrimaryObjects,29,7,IdentifyPrimaryObjects,29,6
MeasureObjectNeighbors,10,Neighbors,IdentifyPrimaryObjects,29,8,IdentifyPrimaryObjects,29,4
MeasureObjectNeighbors,10,Neighbors,IdentifyPrimaryObjects,29,8,IdentifyPrimaryObjects,29,10
MeasureObjectNeighbors,10,Neighbors,IdentifyPrimaryObjects,29,9,IdentifyPrimaryObjects,29,3
MeasureObjectNeighbors,10,Neighbors,IdentifyPrimaryObjects,29,10,IdentifyPrimaryObjects,29,5
MeasureObjectNeighbors,10,Neighbors,IdentifyPrimaryObjects,29,10,IdentifyPrimaryObjects,29,8
MeasureObjectNeighbors,10,Neighbors,IdentifyPrimaryObjects,29,10,IdentifyPrimaryObjects,29,11
MeasureObjectNeighbors,10,Neighbors,IdentifyPrimaryObjects,29,10,IdentifyPrimaryObjects,29,13
MeasureObjectNeighbors,10,Neighbors,IdentifyPrimaryObjects,29,11,IdentifyPrimaryObjects,29,10
MeasureObjectNeighbors,10,Neighbors,IdentifyPrimaryObjects,29,11,IdentifyPrimaryObjects,29,12
MeasureObjectNeighbors,10,Neighbors,IdentifyPrimaryObjects,29,12,IdentifyPrimaryObjects,29,11
MeasureObjectNeighbors,10,Neighbors,IdentifyPrimaryObjects,29,12,IdentifyPrimaryObjects,29,13
MeasureObjectNeighbors,10,Neighbors,IdentifyPrimaryObjects,29,12,IdentifyPrimaryObjects,29,14
MeasureObjectNeighbors,10,Neighbors,IdentifyPrimaryObjects,29,13,IdentifyPrimaryObjects,29,10
MeasureObjectNeighbors,10,Neighbors,IdentifyPrimaryObjects,29,13,IdentifyPrimaryObjects,29,12
MeasureObjectNeighbors,10,Neighbors,IdentifyPrimaryObjects,29,13,IdentifyPrimaryObjects,29,15
MeasureObjectNeighbors,10,Neighbors,IdentifyPrimaryObjects,29,14,IdentifyPrimaryObjects,29,12
MeasureObjectNeighbors,10,Neighbors,IdentifyPrimaryObjects,29,14,IdentifyPrimaryObjects,29,16
MeasureObjectNeighbors,10,Neighbors,IdentifyPrimaryObjects,29,14,IdentifyPrimaryObjects,29,21
MeasureObjectNeighbors,10,Neighbors,IdentifyPrimaryObjects,29,15,IdentifyPrimaryObjects,29,13
MeasureObjectNeighbors,10,Neighbors,IdentifyPrimaryObjects,29,15,IdentifyPrimaryObjects,29,16
MeasureObjectNeighbors,10,Neighbors,IdentifyPrimaryObjects,29,16,IdentifyPrimaryObjects,29,14
MeasureObjectNeighbors,10,Neighbors,IdentifyPrimaryObjects,29,16,IdentifyPrimaryObjects,29,15
MeasureObjectNeighbors,10,Neighbors,IdentifyPrimaryObjects,29,16,IdentifyPrimaryObjects,29,17
MeasureObjectNeighbors,10,Neighbors,IdentifyPrimaryObjects,29,17,IdentifyPrimaryObjects,29,16
MeasureObjectNeighbors,10,Neighbors,IdentifyPrimaryObjects,29,17,IdentifyPrimaryObjects,29,18
MeasureObjectNeighbors,10,Neighbors,IdentifyPrimaryObjects,29,17,IdentifyPrimaryObjects,29,19
MeasureObjectNeighbors,10,Neighbors,IdentifyPrimaryObjects,29,17,IdentifyPrimaryObjects,29,20
MeasureObjectNeighbors,10,Neighbors,IdentifyPrimaryObjects,29,17,IdentifyPrimaryObjects,29,21
MeasureObjectNeighbors,10,Neighbors,IdentifyPrimaryObjects,29,18,IdentifyPrimaryObjects,29,17
MeasureObjectNeighbors,10,Neighbors,IdentifyPrimaryObjects,29,19,IdentifyPrimaryObjects,29,17
MeasureObjectNeighbors,10,Neighbors,IdentifyPrimaryObjects,29,19,IdentifyPrimaryObjects,29,20
MeasureObjectNeighbors,10,Neighbors,IdentifyPrimaryObjects,29,20,IdentifyPrimaryObjects,29,17
MeasureObjectNeighbors,10,Neighbors,IdentifyPrimaryObjects,29,20,IdentifyPrimaryObjects,29,19
MeasureObjectNeighbors,10,Neighbors,IdentifyPrimaryObjects,29,21,IdentifyPrimaryObjects,29,14
MeasureObjectNeighbors,10,Neighbors,IdentifyPrimaryObjects,29,21,IdentifyPrimaryObjects,29,17
MeasureObjectNeighbors,10,Neighbors,IdentifyPrimaryObjects,30,1,IdentifyPrimaryObjects,30,3
MeasureObjectNeighbors,10,Neighbors,IdentifyPrimaryObjects,30,1,IdentifyPrimaryObjects,30,5
MeasureObjectNeighbors,10,Neighbors,IdentifyPrimaryObjects,30,1,IdentifyPrimaryObjects,30,7
MeasureObjectNeighbors,10,Neighbors,IdentifyPrimaryObjects,30,2,IdentifyPrimaryObjects,30,6
MeasureObjectNeighbors,10,Neighbors,IdentifyPrimaryObjects,30,3,IdentifyPrimaryObjects,30,1
MeasureObjectNeighbors,10,Neighbors,IdentifyPrimaryObjects,30,3,IdentifyPrimaryObjects,30,4
MeasureObjectNeighbors,10,Neighbors,IdentifyPrimaryObjects,30,3,IdentifyPrimaryObjects,30,5
MeasureObjectNeighbors,10,Neighbors,IdentifyPrimaryObjects,30,3,IdentifyPrimaryObjects,30,9
MeasureObjectNeighbors,10,Neighbors,IdentifyPrimaryObjects,30,4,IdentifyPrimaryObjects,30,3
MeasureObjectNeighbors,10,Neighbors,IdentifyPrimaryObjects,30,4,IdentifyPrimaryObjects,30,8
MeasureObjectNeighbors,10,Neighbors,IdentifyPrimaryObjects,30,5,IdentifyPrimaryObjects,30,1
MeasureObjectNeighbors,10,Neighbors,IdentifyPrimaryObjects,30,5,IdentifyPrimaryObjects,30,3
MeasureObjectNeighbors,10,Neighbors,IdentifyPrimaryObjects,30,5,IdentifyPrimaryObjects,30,11
MeasureObjectNeighbors,10,Neighbors,IdentifyPrimaryObjects,30,6,IdentifyPrimaryObjects,30,2
MeasureObjectNeighbors,10,Neighbors,IdentifyPrimaryObjects,30,6,IdentifyPrimaryObjects,30,7
MeasureObjectNeighbors,10,Neighbors,IdentifyPrimaryObjects,30,7,IdentifyPrimaryObjects,30,1
MeasureObjectNeighbors,10,Neighbors,IdentifyPrimaryObjects,30,7,IdentifyPrimaryObjects,30,6
MeasureObjectNeighbors,10,Neighbors,IdentifyPrimaryObjects,30,7,IdentifyPrimaryObjects,30,13
MeasureObjectNeighbors,10,Neighbors,IdentifyPrimaryObjects,30,8,IdentifyPrimaryObjects,30,4
MeasureObjectNeighbors,10,Neighbors,IdentifyPrimaryObjects,30,8,IdentifyPrimaryObjects,30,10
MeasureObjectNeighbors,10,Neighbors,IdentifyPrimaryObjects,30,9,IdentifyPrimaryObjects,30,3
MeasureObjectNeighbors,10,Neighbors,IdentifyPrimaryObjects,30,9,IdentifyPrimaryObjects,30,11
MeasureObjectNeighbors,10,Neighbors,IdentifyPrimaryObjects,30,10,IdentifyPrimaryObjects,30,8
MeasureObjectNeighbors,10,Neighbors,IdentifyPrimaryObjects,30,10,IdentifyPrimaryObjects,30,12
MeasureObjectNeighbors,10,Neighbors,IdentifyPrimaryObjects,30,10,IdentifyPrimaryObjects,30,14
MeasureObjectNeighbors,10,Neighbors,IdentifyPrimaryObjects,30,11,IdentifyPrimaryObjects,30,5
MeasureObjectNeighbors,10,Neighbors,IdentifyPrimaryObjects,30,11,IdentifyPrimaryObjects,30,9
MeasureObjectNeighbors,10,Neighbors,IdentifyPrimaryObjects,30,11,IdentifyPrimaryObjects,30,14
MeasureObjectNeighbors,10,Neighbors,IdentifyPrimaryObjects,30,12,IdentifyPrimaryObjects,30,10
MeasureObjectNeighbors,10,Neighbors,IdentifyPrimaryObjects,30,13,IdentifyPrimaryObjects,30,7
MeasureObjectNeighbors,10,Neighbors,IdentifyPrimaryObjects,30,13,IdentifyPrimaryObjects,30,14
MeasureObjectNeighbors,10,Neighbors,IdentifyPrimaryObjects,30,14,IdentifyPrimaryObjects,30,10
MeasureObjectNeighbors,10,Neighbors,IdentifyPrimaryObjects,30,14,IdentifyPrimaryObjects,30,11
MeasureObjectNeighbors,10,Neighbors,IdentifyPrimaryObjects,30,14,IdentifyPrimaryObjects,30,13
MeasureObjectNeighbors,10,Neighbors,IdentifyPrimaryObjects,30,14,IdentifyPrimaryObjects,30,15
MeasureObjectNeighbors,10,Neighbors,IdentifyPrimaryObjects,30,14,IdentifyPrimaryObjects,30,18
MeasureObjectNeighbors,10,Neighbors,IdentifyPrimaryObjects,30,15,IdentifyPrimaryObjects,30,14
MeasureObjectNeighbors,10,Neighbors,IdentifyPrimaryObjects,30,15,IdentifyPrimaryObjects,30,16
MeasureObjectNeighbors,10,Neighbors,IdentifyPrimaryObjects,30,16,IdentifyPrimaryObjects,30,15
MeasureObjectNeighbors,10,Neighbors,IdentifyPrimaryObjects,30,16,IdentifyPrimaryObjects,30,17
MeasureObjectNeighbors,10,Neighbors,IdentifyPrimaryObjects,30,16,IdentifyPrimaryObjects,30,18
MeasureObjectNeighbors,10,Neighbors,IdentifyPrimaryObjects,30,16,IdentifyPrimaryObjects,30,20
MeasureObjectNeighbors,10,Neighbors,IdentifyPrimaryObjects,30,17,IdentifyPrimaryObjects,30,16
MeasureObjectNeighbors,10,Neighbors,IdentifyPrimaryObjects,30,17,IdentifyPrimaryObjects,30,22
MeasureObjectNeighbors,10,Neighbors,IdentifyPrimaryObjects,30,18,IdentifyPrimaryObjects,30,14
MeasureObjectNeighbors,10,Neighbors,IdentifyPrimaryObjects,30,18,IdentifyPrimaryObjects,30,16
MeasureObjectNeighbors,10,Neighbors,IdentifyPrimaryObjects,30,18,IdentifyPrimaryObjects,30,21
MeasureObjectNeighbors,10,Neighbors,IdentifyPrimaryObjects,30,19,IdentifyPrimaryObjects,30,20
MeasureObjectNeighbors,10,Neighbors,IdentifyPrimaryObjects,30,19,IdentifyPrimaryObjects,30,22
MeasureObjectNeighbors,10,Neighbors,IdentifyPrimaryObjects,30,20,IdentifyPrimaryObjects,30,16
MeasureObjectNeighbors,10,Neighbors,IdentifyPrimaryObjects,30,20,IdentifyPrimaryObjects,30,19
MeasureObjectNeighbors,10,Neighbors,IdentifyPrimaryObjects,30,21,IdentifyPrimaryObjects,30,18
MeasureObjectNeighbors,10,Neighbors,IdentifyPrimaryObjects,30,21,IdentifyPrimaryObjects,30,22
MeasureObjectNeighbors,10,Neighbors,IdentifyPrimaryObjects,30,22,IdentifyPrimaryObjects,30,17
MeasureObjectNeighbors,10,Neighbors,IdentifyPrimaryObjects,30,22,IdentifyPrimaryObjects,30,19
MeasureObjectNeighbors,10,Neighbors,IdentifyPrimaryObjects,30,22,IdentifyPrimaryObjects,30,21
MeasureObjectNeighbors,10,Neighbors,IdentifyPrimaryObjects,31,1,IdentifyPrimaryObjects,31,2
MeasureObjectNeighbors,10,Neighbors,IdentifyPrimaryObjects,31,1,IdentifyPrimaryObjects,31,3
MeasureObjectNeighbors,10,Neighbors,IdentifyPrimaryObjects,31,2,IdentifyPrimaryObjects,31,1
MeasureObjectNeighbors,10,Neighbors,IdentifyPrimaryObjects,31,2,IdentifyPrimaryObjects,31,6
MeasureObjectNeighbors,10,Neighbors,IdentifyPrimaryObjects,31,3,IdentifyPrimaryObjects,31,1
MeasureObjectNeighbors,10,Neighbors,IdentifyPrimaryObjects,31,3,IdentifyPrimaryObjects,31,4
MeasureObjectNeighbors,10,Neighbors,IdentifyPrimaryObjects,31,3,IdentifyPrimaryObjects,31,6
MeasureObjectNeighbors,10,Neighbors,IdentifyPrimaryObjects,31,4,IdentifyPrimaryObjects,31,3
MeasureObjectNeighbors,10,Neighbors,IdentifyPrimaryObjects,31,4,IdentifyPrimaryObjects,31,7
MeasureObjectNeighbors,10,Neighbors,IdentifyPrimaryObjects,31,5,IdentifyPrimaryObjects,31,6
MeasureObjectNeighbors,10,Neighbors,IdentifyPrimaryObjects,31,5,IdentifyPrimaryObjects,31,11
MeasureObjectNeighbors,10,Neighbors,IdentifyPrimaryObjects,31,6,IdentifyPrimaryObjects,31,2
MeasureObjectNeighbors,10,Neighbors,IdentifyPrimaryObjects,31,6,IdentifyPrimaryObjects,31,3
MeasureObjectNeighbors,10,Neighbors,IdentifyPrimaryObjects,31,6,IdentifyPrimaryObjects,31,5
MeasureObjectNeighbors,10,Neighbors,IdentifyPrimaryObjects,31,6,IdentifyPrimaryObjects,31,8
MeasureObjectNeighbors,10,Neighbors,IdentifyPrimaryObjects,31,6,IdentifyPrimaryObjects,31,12
MeasureObjectNeighbors,10,Neighbors,IdentifyPrimaryObjects,31,7,IdentifyPrimaryObjects,31,4
MeasureObjectNeighbors,10,Neighbors,IdentifyPrimaryObjects,31,7,IdentifyPrimaryObjects,31,9
MeasureObjectNeighbors,10,Neighbors,IdentifyPrimaryObjects,31,8,IdentifyPrimaryObjects,31,6
MeasureObjectNeighbors,10,Neighbors,IdentifyPrimaryObjects,31,8,IdentifyPrimaryObjects,31,9
MeasureObjectNeighbors,10,Neighbors,IdentifyPrimaryObjects,31,8,IdentifyPrimaryObjects,31,10
MeasureObjectNeighbors,10,Neighbors,IdentifyPrimaryObjects,31,9,IdentifyPrimaryObjects,31,7
MeasureObjectNeighbors,10,Neighbors,IdentifyPrimaryObjects,31,9,IdentifyPrimaryObjects,31,8
MeasureObjectNeighbors,10,Neighbors,IdentifyPrimaryObjects,31,9,IdentifyPrimaryObjects,31,15
MeasureObjectNeighbors,10,Neighbors,IdentifyPrimaryObjects,31,10,IdentifyPrimaryObjects,31,8
MeasureObjectNeighbors,10,Neighbors,IdentifyPrimaryObjects,31,10,IdentifyPrimaryObjects,31,12
MeasureObjectNeighbors,10,Neighbors,IdentifyPrimaryObjects,31,10,IdentifyPrimaryObjects,31,15
MeasureObjectNeighbors,10,Neighbors,IdentifyPrimaryObjects,31,10,IdentifyPrimaryObjects,31,16
MeasureObjectNeighbors,10,Neighbors,IdentifyPrimaryObjects,31,11,IdentifyPrimaryObjects,31,5
MeasureObjectNeighbors,10,Neighbors,IdentifyPrimaryObjects,31,11,IdentifyPrimaryObjects,31,12
MeasureObjectNeighbors,10,Neighbors,IdentifyPrimaryObjects,31,11,IdentifyPrimaryObjects,31,13
MeasureObjectNeighbors,10,Neighbors,IdentifyPrimaryObjects,31,12,IdentifyPrimaryObjects,31,6
MeasureObjectNeighbors,10,Neighbors,IdentifyPrimaryObjects,31,12,IdentifyPrimaryObjects,31,10
MeasureObjectNeighbors,10,Neighbors,IdentifyPrimaryObjects,31,12,IdentifyPrimaryObjects,31,11
MeasureObjectNeighbors,10,Neighbors,IdentifyPrimaryObjects,31,12,IdentifyPrimaryObjects,31,13
MeasureObjectNeighbors,10,Neighbors,IdentifyPrimaryObjects,31,13,IdentifyPrimaryObjects,31,11
MeasureObjectNeighbors,10,Neighbors,IdentifyPrimaryObjects,31,13,IdentifyPrimaryObjects,31,12
MeasureObjectNeighbors,10,Neighbors,IdentifyPrimaryObjects,31,13,IdentifyPrimaryObjects,31,14
MeasureObjectNeighbors,10,Neighbors,IdentifyPrimaryObjects,31,13,IdentifyPrimaryObjects,31,16
MeasureObjectNeighbors,10,Neighbors,IdentifyPrimaryObjects,31,14,IdentifyPrimaryObjects,31,13
MeasureObjectNeighbors,10,Neighbors,IdentifyPrimaryObjects,31,14,IdentifyPrimaryObjects,31,20
MeasureObjectNeighbors,10,Neighbors,IdentifyPrimaryObjects,31,15,IdentifyPrimaryObjects,31,9
MeasureObjectNeighbors,10,Neighbors,IdentifyPrimaryObjects,31,15,IdentifyPrimaryObjects,31,10
MeasureObjectNeighbors,10,Neighbors,IdentifyPrimaryObjects,31,16,IdentifyPrimaryObjects,31,10
MeasureObjectNeighbors,10,Neighbors,IdentifyPrimaryObjects,31,16,IdentifyPrimaryObjects,31,13
MeasureObjectNeighbors,10,Neighbors,IdentifyPrimaryObjects,31,16,IdentifyPrimaryObjects,31,17
MeasureObjectNeighbors,10,Neighbors,IdentifyPrimaryObjects,31,16,IdentifyPrimaryObjects,31,20
MeasureObjectNeighbors,10,Neighbors,IdentifyPrimaryObjects,31,17,IdentifyPrimaryObjects,31,16
MeasureObjectNeighbors,10,Neighbors,IdentifyPrimaryObjects,31,17,IdentifyPrimaryObjects,31,18
MeasureObjectNeighbors,10,Neighbors,IdentifyPrimaryObjects,31,17,IdentifyPrimaryObjects,31,21
MeasureObjectNeighbors,10,Neighbors,IdentifyPrimaryObjects,31,18,IdentifyPrimaryObjects,31,17
MeasureObjectNeighbors,10,Neighbors,IdentifyPrimaryObjects,31,18,IdentifyPrimaryObjects,31,19
MeasureObjectNeighbors,10,Neighbors,IdentifyPrimaryObjects,31,18,IdentifyPrimaryObjects,31,20
MeasureObjectNeighbors,10,Neighbors,IdentifyPrimaryObjects,31,18,IdentifyPrimaryObjects,31,21
MeasureObjectNeighbors,10,Neighbors,IdentifyPrimaryObjects,31,19,IdentifyPrimaryObjects,31,18
MeasureObjectNeighbors,10,Neighbors,IdentifyPrimaryObjects,31,19,IdentifyPrimaryObjects,31,22
MeasureObjectNeighbors,10,Neighbors,IdentifyPrimaryObjects,31,19,IdentifyPrimaryObjects,31,23
MeasureObjectNeighbors,10,Neighbors,IdentifyPrimaryObjects,31,19,IdentifyPrimaryObjects,31,24
MeasureObjectNeighbors,10,Neighbors,IdentifyPrimaryObjects,31,20,IdentifyPrimaryObjects,31,14
MeasureObjectNeighbors,10,Neighbors,IdentifyPrimaryObjects,31,20,IdentifyPrimaryObjects,31,16
MeasureObjectNeighbors,10,Neighbors,IdentifyPrimaryObjects,31,20,IdentifyPrimaryObjects,31,18
MeasureObjectNeighbors,10,Neighbors,IdentifyPrimaryObjects,31,20,IdentifyPrimaryObjects,31,23
MeasureObjectNeighbors,10,Neighbors,IdentifyPrimaryObjects,31,21,IdentifyPrimaryObjects,31,17
MeasureObjectNeighbors,10,Neighbors,IdentifyPrimaryObjects,31,21,IdentifyPrimaryObjects,31,18
MeasureObjectNeighbors,10,Neighbors,IdentifyPrimaryObjects,31,21,IdentifyPrimaryObjects,31,24
MeasureObjectNeighbors,10,Neighbors,IdentifyPrimaryObjects,31,22,IdentifyPrimaryObjects,31,19
MeasureObjectNeighbors,10,Neighbors,IdentifyPrimaryObjects,31,22,IdentifyPrimaryObjects,31,23
MeasureObjectNeighbors,10,Neighbors,IdentifyPrimaryObjects,31,22,IdentifyPrimaryObjects,31,24
MeasureObjectNeighbors,10,Neighbors,IdentifyPrimaryObjects,31,23,IdentifyPrimaryObjects,31,19
MeasureObjectNeighbors,10,Neighbors,IdentifyPrimaryObjects,31,23,IdentifyPrimaryObjects,31,20
MeasureObjectNeighbors,10,Neighbors,IdentifyPrimaryObjects,31,23,IdentifyPrimaryObjects,31,22
MeasureObjectNeighbors,10,Neighbors,IdentifyPrimaryObjects,31,24,IdentifyPrimaryObjects,31,19
MeasureObjectNeighbors,10,Neighbors,IdentifyPrimaryObjects,31,24,IdentifyPrimaryObjects,31,21
MeasureObjectNeighbors,10,Neighbors,IdentifyPrimaryObjects,31,24,IdentifyPrimaryObjects,31,22
TrackObjects,8,Parent,IdentifyPrimaryObjects,1,1,IdentifyPrimaryObjects,2,1
TrackObjects,8,Parent,IdentifyPrimaryObjects,1,2,IdentifyPrimaryObjects,2,2
TrackObjects,8,Parent,IdentifyPrimaryObjects,2,1,IdentifyPrimaryObjects,3,1
TrackObjects,8,Parent,IdentifyPrimaryObjects,2,2,IdentifyPrimaryObjects,3,2
TrackObjects,8,Parent,IdentifyPrimaryObjects,3,1,IdentifyPrimaryObjects,4,1
TrackObjects,8,Parent,IdentifyPrimaryObjects,3,2,IdentifyPrimaryObjects,4,2
TrackObjects,8,Parent,IdentifyPrimaryObjects,4,1,IdentifyPrimaryObjects,5,1
TrackObjects,8,Parent,IdentifyPrimaryObjects,4,2,IdentifyPrimaryObjects,5,2
TrackObjects,8,Parent,IdentifyPrimaryObjects,5,1,IdentifyPrimaryObjects,6,1
TrackObjects,8,Parent,IdentifyPrimaryObjects,5,2,IdentifyPrimaryObjects,6,2
TrackObjects,8,Parent,IdentifyPrimaryObjects,6,1,IdentifyPrimaryObjects,7,1
TrackObjects,8,Parent,IdentifyPrimaryObjects,6,2,IdentifyPrimaryObjects,7,2
TrackObjects,8,Parent,IdentifyPrimaryObjects,7,1,IdentifyPrimaryObjects,8,1
TrackObjects,8,Parent,IdentifyPrimaryObjects,7,1,IdentifyPrimaryObjects,8,2
TrackObjects,8,Parent,IdentifyPrimaryObjects,7,2,IdentifyPrimaryObjects,8,3
TrackObjects,8,Parent,IdentifyPrimaryObjects,8,1,IdentifyPrimaryObjects,9,1
TrackObjects,8,Parent,IdentifyPrimaryObjects,8,2,IdentifyPrimaryObjects,9,2
TrackObjects,8,Parent,IdentifyPrimaryObjects,8,3,IdentifyPrimaryObjects,9,3
TrackObjects,8,Parent,IdentifyPrimaryObjects,9,1,IdentifyPrimaryObjects,10,1
TrackObjects,8,Parent,IdentifyPrimaryObjects,9,2,IdentifyPrimaryObjects,10,1
TrackObjects,8,Parent,IdentifyPrimaryObjects,9,3,IdentifyPrimaryObjects,10,2
TrackObjects,8,Parent,IdentifyPrimaryObjects,10,1,IdentifyPrimaryObjects,11,1
TrackObjects,8,Parent,IdentifyPrimaryObjects,10,1,IdentifyPrimaryObjects,11,2
TrackObjects,8,Parent,IdentifyPrimaryObjects,10,2,IdentifyPrimaryObjects,11,3
TrackObjects,8,Parent,IdentifyPrimaryObjects,11,1,IdentifyPrimaryObjects,12,1
TrackObjects,8,Parent,IdentifyPrimaryObjects,11,2,IdentifyPrimaryObjects,12,2
TrackObjects,8,Parent,IdentifyPrimaryObjects,11,3,IdentifyPrimaryObjects,12,3
TrackObjects,8,Parent,IdentifyPrimaryObjects,12,1,IdentifyPrimaryObjects,13,1
TrackObjects,8,Parent,IdentifyPrimaryObjects,12,2,IdentifyPrimaryObjects,13,2
TrackObjects,8,Parent,IdentifyPrimaryObjects,12,3,IdentifyPrimaryObjects,13,3
TrackObjects,8,Parent,IdentifyPrimaryObjects,12,3,IdentifyPrimaryObjects,13,4
TrackObjects,8,Parent,IdentifyPrimaryObjects,13,1,IdentifyPrimaryObjects,14,1
TrackObjects,8,Parent,IdentifyPrimaryObjects,13,2,IdentifyPrimaryObjects,14,2
TrackObjects,8,Parent,IdentifyPrimaryObjects,13,3,IdentifyPrimaryObjects,14,3
TrackObjects,8,Parent,IdentifyPrimaryObjects,13,4,IdentifyPrimaryObjects,14,4
TrackObjects,8,Parent,IdentifyPrimaryObjects,14,1,IdentifyPrimaryObjects,15,1
TrackObjects,8,Parent,IdentifyPrimaryObjects,14,2,IdentifyPrimaryObjects,15,2
TrackObjects,8,Parent,IdentifyPrimaryObjects,14,3,IdentifyPrimaryObjects,15,3
TrackObjects,8,Parent,IdentifyPrimaryObjects,14,4,IdentifyPrimaryObjects,15,4
TrackObjects,8,Parent,IdentifyPrimaryObjects,15,1,IdentifyPrimaryObjects,16,1
TrackObjects,8,Parent,IdentifyPrimaryObjects,15,1,IdentifyPrimaryObjects,16,2
TrackObjects,8,Parent,IdentifyPrimaryObjects,15,2,IdentifyPrimaryObjects,16,3
TrackObjects,8,Parent,IdentifyPrimaryObjects,15,3,IdentifyPrimaryObjects,16,5
TrackObjects,8,Parent,IdentifyPrimaryObjects,15,4,IdentifyPrimaryObjects,16,4
TrackObjects,8,Parent,IdentifyPrimaryObjects,15,4,IdentifyPrimaryObjects,16,6
TrackObjects,8,Parent,IdentifyPrimaryObjects,16,1,IdentifyPrimaryObjects,17,1
TrackObjects,8,Parent,IdentifyPrimaryObjects,16,2,IdentifyPrimaryObjects,17,2
TrackObjects,8,Parent,IdentifyPrimaryObjects,16,3,IdentifyPrimaryObjects,17,3
TrackObjects,8,Parent,IdentifyPrimaryObjects,16,3,IdentifyPrimaryObjects,17,4
TrackObjects,8,Parent,IdentifyPrimaryObjects,16,4,IdentifyPrimaryObjects,17,6
TrackObjects,8,Parent,IdentifyPrimaryObjects,16,5,IdentifyPrimaryObjects,17,5
TrackObjects,8,Parent,IdentifyPrimaryObjects,16,6,IdentifyPrimaryObjects,17,7
TrackObjects,8,Parent,IdentifyPrimaryObjects,17,1,IdentifyPrimaryObjects,18,1
TrackObjects,8,Parent,IdentifyPrimaryObjects,17,2,IdentifyPrimaryObjects,18,2
TrackObjects,8,Parent,IdentifyPrimaryObjects,17,3,IdentifyPrimaryObjects,18,3
TrackObjects,8,Parent,IdentifyPrimaryObjects,17,4,IdentifyPrimaryObjects,18,4
TrackObjects,8,Parent,IdentifyPrimaryObjects,17,5,IdentifyPrimaryObjects,18,5
TrackObjects,8,Parent,IdentifyPrimaryObjects,17,5,IdentifyPrimaryObjects,18,6
TrackObjects,8,Parent,IdentifyPrimaryObjects,17,6,IdentifyPrimaryObjects,18,7
TrackObjects,8,Parent,IdentifyPrimaryObjects,17,7,IdentifyPrimaryObjects,18,8
TrackObjects,8,Parent,IdentifyPrimaryObjects,18,1,IdentifyPrimaryObjects,19,1
TrackObjects,8,Parent,IdentifyPrimaryObjects,18,2,IdentifyPrimaryObjects,19,2
TrackObjects,8,Parent,IdentifyPrimaryObjects,18,3,IdentifyPrimaryObjects,19,3
TrackObjects,8,Parent,IdentifyPrimaryObjects,18,4,IdentifyPrimaryObjects,19,4
TrackObjects,8,Parent,IdentifyPrimaryObjects,18,5,IdentifyPrimaryObjects,19,5
TrackObjects,8,Parent,IdentifyPrimaryObjects,18,6,IdentifyPrimaryObjects,19,8
TrackObjects,8,Parent,IdentifyPrimaryObjects,18,7,IdentifyPrimaryObjects,19,6
TrackObjects,8,Parent,IdentifyPrimaryObjects,18,8,IdentifyPrimaryObjects,19,7
TrackObjects,8,Parent,IdentifyPrimaryObjects,19,1,IdentifyPrimaryObjects,20,1
TrackObjects,8,Parent,IdentifyPrimaryObjects,19,2,IdentifyPrimaryObjects,20,2
TrackObjects,8,Parent,IdentifyPrimaryObjects,19,2,IdentifyPrimaryObjects,20,3
TrackObjects,8,Parent,IdentifyPrimaryObjects,19,3,IdentifyPrimaryObjects,20,4
TrackObjects,8,Parent,IdentifyPrimaryObjects,19,4,IdentifyPrimaryObjects,20,5
TrackObjects,8,Parent,IdentifyPrimaryObjects,19,5,IdentifyPrimaryObjects,20,6
TrackObjects,8,Parent,IdentifyPrimaryObjects,19,6,IdentifyPrimaryObjects,20,9
TrackObjects,8,Parent,IdentifyPrimaryObjects,19,7,IdentifyPrimaryObjects,20,8
TrackObjects,8,Parent,IdentifyPrimaryObjects,19,8,IdentifyPrimaryObjects,20,7
TrackObjects,8,Parent,IdentifyPrimaryObjects,20,1,IdentifyPrimaryObjects,21,1
TrackObjects,8,Parent,IdentifyPrimaryObjects,20,2,IdentifyPrimaryObjects,21,2
TrackObjects,8,Parent,IdentifyPrimaryObjects,20,3,IdentifyPrimaryObjects,21,2
TrackObjects,8,Parent,IdentifyPrimaryObjects,20,4,IdentifyPrimaryObjects,21,3
TrackObjects,8,Parent,IdentifyPrimaryObjects,20,4,IdentifyPrimaryObjects,21,4
TrackObjects,8,Parent,IdentifyPrimaryObjects,20,5,IdentifyPrimaryObjects,21,5
TrackObjects,8,Parent,IdentifyPrimaryObjects,20,6,IdentifyPrimaryObjects,21,6
TrackObjects,8,Parent,IdentifyPrimaryObjects,20,7,IdentifyPrimaryObjects,21,7
TrackObjects,8,Parent,IdentifyPrimaryObjects,20,8,IdentifyPrimaryObjects,21,8
TrackObjects,8,Parent,IdentifyPrimaryObjects,20,9,IdentifyPrimaryObjects,21,9
TrackObjects,8,Parent,IdentifyPrimaryObjects,21,1,IdentifyPrimaryObjects,22,1
TrackObjects,8,Parent,IdentifyPrimaryObjects,21,1,IdentifyPrimaryObjects,22,2
TrackObjects,8,Parent,IdentifyPrimaryObjects,21,2,IdentifyPrimaryObjects,22,3
TrackObjects,8,Parent,IdentifyPrimaryObjects,21,2,IdentifyPrimaryObjects,22,4
TrackObjects,8,Parent,IdentifyPrimaryObjects,21,3,IdentifyPrimaryObjects,22,5
TrackObjects,8,Parent,IdentifyPrimaryObjects,21,4,IdentifyPrimaryObjects,22,6
TrackObjects,8,Parent,IdentifyPrimaryObjects,21,5,IdentifyPrimaryObjects,22,7
TrackObjects,8,Parent,IdentifyPrimaryObjects,21,6,IdentifyPrimaryObjects,22,8
TrackObjects,8,Parent,IdentifyPrimaryObjects,21,7,IdentifyPrimaryObjects,22,9
TrackObjects,8,Parent,IdentifyPrimaryObjects,21,8,IdentifyPrimaryObjects,22,11
TrackObjects,8,Parent,IdentifyPrimaryObjects,21,9,IdentifyPrimaryObjects,22,10
TrackObjects,8,Parent,IdentifyPrimaryObjects,21,9,IdentifyPrimaryObjects,22,12
TrackObjects,8,Parent,IdentifyPrimaryObjects,22,1,IdentifyPrimaryObjects,23,1
TrackObjects,8,Parent,IdentifyPrimaryObjects,22,2,IdentifyPrimaryObjects,23,3
TrackObjects,8,Parent,IdentifyPrimaryObjects,22,3,IdentifyPrimaryObjects,23,2
TrackObjects,8,Parent,IdentifyPrimaryObjects,22,4,IdentifyPrimaryObjects,23,4
TrackObjects,8,Parent,IdentifyPrimaryObjects,22,5,IdentifyPrimaryObjects,23,5
TrackObjects,8,Parent,IdentifyPrimaryObjects,22,6,IdentifyPrimaryObjects,23,7
TrackObjects,8,Parent,IdentifyPrimaryObjects,22,7,IdentifyPrimaryObjects,23,6
TrackObjects,8,Parent,IdentifyPrimaryObjects,22,7,IdentifyPrimaryObjects,23,8
TrackObjects,8,Parent,IdentifyPrimaryObjects,22,8,IdentifyPrimaryObjects,23,9
TrackObjects,8,Parent,IdentifyPrimaryObjects,22,9,IdentifyPrimaryObjects,23,10
TrackObjects,8,Parent,IdentifyPrimaryObjects,22,10,IdentifyPrimaryObjects,23,11
TrackObjects,8,Parent,IdentifyPrimaryObjects,22,11,IdentifyPrimaryObjects,23,13
TrackObjects,8,Parent,IdentifyPrimaryObjects,22,12,IdentifyPrimaryObjects,23,12
TrackObjects,8,Parent,IdentifyPrimaryObjects,23,1,IdentifyPrimaryObjects,24,1
TrackObjects,8,Parent,IdentifyPrimaryObjects,23,2,IdentifyPrimaryObjects,24,2
TrackObjects,8,Parent,IdentifyPrimaryObjects,23,3,IdentifyPrimaryObjects,24,3
TrackObjects,8,Parent,IdentifyPrimaryObjects,23,4,IdentifyPrimaryObjects,24,4
TrackObjects,8,Parent,IdentifyPrimaryObjects,23,5,IdentifyPrimaryObjects,24,5
TrackObjects,8,Parent,IdentifyPrimaryObjects,23,6,IdentifyPrimaryObjects,24,6
TrackObjects,8,Parent,IdentifyPrimaryObjects,23,7,IdentifyPrimaryObjects,24,7
TrackObjects,8,Parent,IdentifyPrimaryObjects,23,8,IdentifyPrimaryObjects,24,8
TrackObjects,8,Parent,IdentifyPrimaryObjects,23,9,IdentifyPrimaryObjects,24,9
TrackObjects,8,Parent,IdentifyPrimaryObjects,23,9,IdentifyPrimaryObjects,24,10
TrackObjects,8,Parent,IdentifyPrimaryObjects,23,10,IdentifyPrimaryObjects,24,13
TrackObjects,8,Parent,IdentifyPrimaryObjects,23,11,IdentifyPrimaryObjects,24,11
TrackObjects,8,Parent,IdentifyPrimaryObjects,23,12,IdentifyPrimaryObjects,24,12
TrackObjects,8,Parent,IdentifyPrimaryObjects,23,13,IdentifyPrimaryObjects,24,14
TrackObjects,8,Parent,IdentifyPrimaryObjects,24,1,IdentifyPrimaryObjects,25,1
TrackObjects,8,Parent,IdentifyPrimaryObjects,24,2,IdentifyPrimaryObjects,25,2
TrackObjects,8,Parent,IdentifyPrimaryObjects,24,3,IdentifyPrimaryObjects,25,4
TrackObjects,8,Parent,IdentifyPrimaryObjects,24,4,IdentifyPrimaryObjects,25,2
TrackObjects,8,Parent,IdentifyPrimaryObjects,24,5,IdentifyPrimaryObjects,25,3
TrackObjects,8,Parent,IdentifyPrimaryObjects,24,5,IdentifyPrimaryObjects,25,5
TrackObjects,8,Parent,IdentifyPrimaryObjects,24,6,IdentifyPrimaryObjects,25,6
TrackObjects,8,Parent,IdentifyPrimaryObjects,24,7,IdentifyPrimaryObjects,25,7
TrackObjects,8,Parent,IdentifyPrimaryObjects,24,8,IdentifyPrimaryObjects,25,8
TrackObjects,8,Parent,IdentifyPrimaryObjects,24,9,IdentifyPrimaryObjects,25,9
TrackObjects,8,Parent,IdentifyPrimaryObjects,24,10,IdentifyPrimaryObjects,25,10
TrackObjects,8,Parent,IdentifyPrimaryObjects,24,11,IdentifyPrimaryObjects,25,11
TrackObjects,8,Parent,IdentifyPrimaryObjects,24,12,IdentifyPrimaryObjects,25,13
TrackObjects,8,Parent,IdentifyPrimaryObjects,24,13,IdentifyPrimaryObjects,25,12
TrackObjects,8,Parent,IdentifyPrimaryObjects,24,14,IdentifyPrimaryObjects,25,14
TrackObjects,8,Parent,IdentifyPrimaryObjects,25,1,IdentifyPrimaryObjects,26,1
TrackObjects,8,Parent,IdentifyPrimaryObjects,25,2,IdentifyPrimaryObjects,26,2
TrackObjects,8,Parent,IdentifyPrimaryObjects,25,2,IdentifyPrimaryObjects,26,6
TrackObjects,8,Parent,IdentifyPrimaryObjects,25,3,IdentifyPrimaryObjects,26,4
TrackObjects,8,Parent,IdentifyPrimaryObjects,25,4,IdentifyPrimaryObjects,26,3
TrackObjects,8,Parent,IdentifyPrimaryObjects,25,5,IdentifyPrimaryObjects,26,5
TrackObjects,8,Parent,IdentifyPrimaryObjects,25,6,IdentifyPrimaryObjects,26,7
TrackObjects,8,Parent,IdentifyPrimaryObjects,25,7,IdentifyPrimaryObjects,26,9
TrackObjects,8,Parent,IdentifyPrimaryObjects,25,8,IdentifyPrimaryObjects,26,8
TrackObjects,8,Parent,IdentifyPrimaryObjects,25,9,IdentifyPrimaryObjects,26,10
TrackObjects,8,Parent,IdentifyPrimaryObjects,25,10,IdentifyPrimaryObjects,26,11
TrackObjects,8,Parent,IdentifyPrimaryObjects,25,11,IdentifyPrimaryObjects,26,13
TrackObjects,8,Parent,IdentifyPrimaryObjects,25,11,IdentifyPrimaryObjects,26,14
TrackObjects,8,Parent,IdentifyPrimaryObjects,25,12,IdentifyPrimaryObjects,26,15
TrackObjects,8,Parent,IdentifyPrimaryObjects,25,13,IdentifyPrimaryObjects,26,16
TrackObjects,8,Parent,IdentifyPrimaryObjects,25,14,IdentifyPrimaryObjects,26,12
TrackObjects,8,Parent,IdentifyPrimaryObjects,25,14,IdentifyPrimaryObjects,26,17
TrackObjects,8,Parent,IdentifyPrimaryObjects,26,1,IdentifyPrimaryObjects,27,1
TrackObjects,8,Parent,IdentifyPrimaryObjects,26,2,IdentifyPrimaryObjects,27,4
TrackObjects,8,Parent,IdentifyPrimaryObjects,26,3,IdentifyPrimaryObjects,27,3
TrackObjects,8,Parent,IdentifyPrimaryObjects,26,4,IdentifyPrimaryObjects,27,2
TrackObjects,8,Parent,IdentifyPrimaryObjects,26,5,IdentifyPrimaryObjects,27,6
TrackObjects,8,Parent,IdentifyPrimaryObjects,26,6,IdentifyPrimaryObjects,27,5
TrackObjects,8,Parent,IdentifyPrimaryObjects,26,7,IdentifyPrimaryObjects,27,7
TrackObjects,8,Parent,IdentifyPrimaryObjects,26,8,IdentifyPrimaryObjects,27,8
TrackObjects,8,Parent,IdentifyPrimaryObjects,26,9,IdentifyPrimaryObjects,27,9
TrackObjects,8,Parent,IdentifyPrimaryObjects,26,10,IdentifyPrimaryObjects,27,10
TrackObjects,8,Parent,IdentifyPrimaryObjects,26,11,IdentifyPrimaryObjects,27,12
TrackObjects,8,Parent,IdentifyPrimaryObjects,26,12,IdentifyPrimaryObjects,27,11
TrackObjects,8,Parent,IdentifyPrimaryObjects,26,13,IdentifyPrimaryObjects,27,13
TrackObjects,8,Parent,IdentifyPrimaryObjects,26,14,IdentifyPrimaryObjects,27,14
TrackObjects,8,Parent,IdentifyPrimaryObjects,26,15,IdentifyPrimaryObjects,27,16
TrackObjects,8,Parent,IdentifyPrimaryObjects,26,16,IdentifyPrimaryObjects,27,15
TrackObjects,8,Parent,IdentifyPrimaryObjects,26,17,IdentifyPrimaryObjects,27,17
TrackObjects,8,Parent,IdentifyPrimaryObjects,27,1,IdentifyPrimaryObjects,28,1
TrackObjects,8,Parent,IdentifyPrimaryObjects,27,2,IdentifyPrimaryObjects,28,3
TrackObjects,8,Parent,IdentifyPrimaryObjects,27,3,IdentifyPrimaryObjects,28,4
TrackObjects,8,Parent,IdentifyPrimaryObjects,27,4,IdentifyPrimaryObjects,28,2
TrackObjects,8,Parent,IdentifyPrimaryObjects,27,5,IdentifyPrimaryObjects,28,5
TrackObjects,8,Parent,IdentifyPrimaryObjects,27,5,IdentifyPrimaryObjects,28,8
TrackObjects,8,Parent,IdentifyPrimaryObjects,27,6,IdentifyPrimaryObjects,28,6
TrackObjects,8,Parent,IdentifyPrimaryObjects,27,7,IdentifyPrimaryObjects,28,7
TrackObjects,8,Parent,IdentifyPrimaryObjects,27,8,IdentifyPrimaryObjects,28,9
TrackObjects,8,Parent,IdentifyPrimaryObjects,27,8,IdentifyPrimaryObjects,28,10
TrackObjects,8,Parent,IdentifyPrimaryObjects,27,9,IdentifyPrimaryObjects,28,11
TrackObjects,8,Parent,IdentifyPrimaryObjects,27,10,IdentifyPrimaryObjects,28,12
TrackObjects,8,Parent,IdentifyPrimaryObjects,27,11,IdentifyPrimaryObjects,28,13
TrackObjects,8,Parent,IdentifyPrimaryObjects,27,12,IdentifyPrimaryObjects,28,14
TrackObjects,8,Parent,IdentifyPrimaryObjects,27,13,IdentifyPrimaryObjects,28,15
TrackObjects,8,Parent,IdentifyPrimaryObjects,27,14,IdentifyPrimaryObjects,28,17
TrackObjects,8,Parent,IdentifyPrimaryObjects,27,15,IdentifyPrimaryObjects,28,18
TrackObjects,8,Parent,IdentifyPrimaryObjects,27,16,IdentifyPrimaryObjects,28,16
TrackObjects,8,Parent,IdentifyPrimaryObjects,27,17,IdentifyPrimaryObjects,28,19
TrackObjects,8,Parent,IdentifyPrimaryObjects,28,1,IdentifyPrimaryObjects,29,1
TrackObjects,8,Parent,IdentifyPrimaryObjects,28,2,IdentifyPrimaryObjects,29,2
TrackObjects,8,Parent,IdentifyPrimaryObjects,28,3,IdentifyPrimaryObjects,29,6
TrackObjects,8,Parent,IdentifyPrimaryObjects,28,4,IdentifyPrimaryObjects,29,4
TrackObjects,8,Parent,IdentifyPrimaryObjects,28,4,IdentifyPrimaryObjects,29,8
TrackObjects,8,Parent,IdentifyPrimaryObjects,28,5,IdentifyPrimaryObjects,29,5
TrackObjects,8,Parent,IdentifyPrimaryObjects,28,6,IdentifyPrimaryObjects,29,7
TrackObjects,8,Parent,IdentifyPrimaryObjects,28,7,IdentifyPrimaryObjects,29,3
TrackObjects,8,Parent,IdentifyPrimaryObjects,28,7,IdentifyPrimaryObjects,29,9
TrackObjects,8,Parent,IdentifyPrimaryObjects,28,8,IdentifyPrimaryObjects,29,10
TrackObjects,8,Parent,IdentifyPrimaryObjects,28,9,IdentifyPrimaryObjects,29,11
TrackObjects,8,Parent,IdentifyPrimaryObjects,28,10,IdentifyPrimaryObjects,29,12
TrackObjects,8,Parent,IdentifyPrimaryObjects,28,11,IdentifyPrimaryObjects,29,13
TrackObjects,8,Parent,IdentifyPrimaryObjects,28,12,IdentifyPrimaryObjects,29,15
TrackObjects,8,Parent,IdentifyPrimaryObjects,28,13,IdentifyPrimaryObjects,29,16
TrackObjects,8,Parent,IdentifyPrimaryObjects,28,14,IdentifyPrimaryObjects,29,14
TrackObjects,8,Parent,IdentifyPrimaryObjects,28,15,IdentifyPrimaryObjects,29,17
TrackObjects,8,Parent,IdentifyPrimaryObjects,28,16,IdentifyPrimaryObjects,29,18
TrackObjects,8,Parent,IdentifyPrimaryObjects,28,17,IdentifyPrimaryObjects,29,19
TrackObjects,8,Parent,IdentifyPrimaryObjects,28,18,IdentifyPrimaryObjects,29,20
TrackObjects,8,Parent,IdentifyPrimaryObjects,28,19,IdentifyPrimaryObjects,29,21
TrackObjects,8,Parent,IdentifyPrimaryObjects,29,1,IdentifyPrimaryObjects,30,1
TrackObjects,8,Parent,IdentifyPrimaryObjects,29,2,IdentifyPrimaryObjects,30,1
TrackObjects,8,Parent,IdentifyPrimaryObjects,29,3,IdentifyPrimaryObjects,30,4
TrackObjects,8,Parent,IdentifyPrimaryObjects,29,4,IdentifyPrimaryObjects,30,3
TrackObjects,8,Parent,IdentifyPrimaryObjects,29,5,IdentifyPrimaryObjects,30,5
TrackObjects,8,Parent,IdentifyPrimaryObjects,29,6,IdentifyPrimaryObjects,30,2
TrackObjects,8,Parent,IdentifyPrimaryObjects,29,6,IdentifyPrimaryObjects,30,6
TrackObjects,8,Parent,IdentifyPrimaryObjects,29,7,IdentifyPrimaryObjects,30,7
TrackObjects,8,Parent,IdentifyPrimaryObjects,29,8,IdentifyPrimaryObjects,30,9
TrackObjects,8,Parent,IdentifyPrimaryObjects,29,9,IdentifyPrimaryObjects,30,8
TrackObjects,8,Parent,IdentifyPrimaryObjects,29,10,IdentifyPrimaryObjects,30,11
TrackObjects,8,Parent,IdentifyPrimaryObjects,29,11,IdentifyPrimaryObjects,30,10
TrackObjects,8,Parent,IdentifyPrimaryObjects,29,12,IdentifyPrimaryObjects,30,12
TrackObjects,8,Parent,IdentifyPrimaryObjects,29,13,IdentifyPrimaryObjects,30,13
TrackObjects,8,Parent,IdentifyPrimaryObjects,29,13,IdentifyPrimaryObjects,30,14
TrackObjects,8,Parent,IdentifyPrimaryObjects,29,14,IdentifyPrimaryObjects,30,18
TrackObjects,8,Parent,IdentifyPrimaryObjects,29,15,IdentifyPrimaryObjects,30,15
TrackObjects,8,Parent,IdentifyPrimaryObjects,29,16,IdentifyPrimaryObjects,30,16
TrackObjects,8,Parent,IdentifyPrimaryObjects,29,17,IdentifyPrimaryObjects,30,17
TrackObjects,8,Parent,IdentifyPrimaryObjects,29,18,IdentifyPrimaryObjects,30,20
TrackObjects,8,Parent,IdentifyPrimaryObjects,29,19,IdentifyPrimaryObjects,30,22
TrackObjects,8,Parent,IdentifyPrimaryObjects,29,20,IdentifyPrimaryObjects,30,19
TrackObjects,8,Parent,IdentifyPrimaryObjects,29,21,IdentifyPrimaryObjects,30,21
TrackObjects,8,Parent,IdentifyPrimaryObjects,30,1,IdentifyPrimaryObjects,31,1
TrackObjects,8,Parent,IdentifyPrimaryObjects,30,1,IdentifyPrimaryObjects,31,2
TrackObjects,8,Parent,IdentifyPrimaryObjects,30,1,IdentifyPrimaryObjects,31,3
TrackObjects,8,Parent,IdentifyPrimaryObjects,30,2,IdentifyPrimaryObjects,31,4
TrackObjects,8,Parent,IdentifyPrimaryObjects,30,3,IdentifyPrimaryObjects,31,6
TrackObjects,8,Parent,IdentifyPrimaryObjects,30,4,IdentifyPrimaryObjects,31,5
TrackObjects,8,Parent,IdentifyPrimaryObjects,30,5,IdentifyPrimaryObjects,31,8
TrackObjects,8,Parent,IdentifyPrimaryObjects,30,6,IdentifyPrimaryObjects,31,7
TrackObjects,8,Parent,IdentifyPrimaryObjects,30,7,IdentifyPrimaryObjects,31,9
TrackObjects,8,Parent,IdentifyPrimaryObjects,30,8,IdentifyPrimaryObjects,31,11
TrackObjects,8,Parent,IdentifyPrimaryObjects,30,9,IdentifyPrimaryObjects,31,12
TrackObjects,8,Parent,IdentifyPrimaryObjects,30,10,IdentifyPrimaryObjects,31,13
TrackObjects,8,Parent,IdentifyPrimaryObjects,30,11,IdentifyPrimaryObjects,31,10
TrackObjects,8,Parent,IdentifyPrimaryObjects,30,12,IdentifyPrimaryObjects,31,14
TrackObjects,8,Parent,IdentifyPrimaryObjects,30,13,IdentifyPrimaryObjects,31,15
TrackObjects,8,Parent,IdentifyPrimaryObjects,30,14,IdentifyPrimaryObjects,31,16
TrackObjects,8,Parent,IdentifyPrimaryObjects,30,15,IdentifyPrimaryObjects,31,17
TrackObjects,8,Parent,IdentifyPrimaryObjects,30,16,IdentifyPrimaryObjects,31,18
TrackObjects,8,Parent,IdentifyPrimaryObjects,30,17,IdentifyPrimaryObjects,31,19
TrackObjects,8,Parent,IdentifyPrimaryObjects,30,18,IdentifyPrimaryObjects,31,20
TrackObjects,8,Parent,IdentifyPrimaryObjects,30,19,IdentifyPrimaryObjects,31,24
TrackObjects,8,Parent,IdentifyPrimaryObjects,30,20,IdentifyPrimaryObjects,31,21
TrackObjects,8,Parent,IdentifyPrimaryObjects,30,21,IdentifyPrimaryObjects,31,23
TrackObjects,8,Parent,IdentifyPrimaryObjects,30,22,IdentifyPrimaryObjects,31,22
